episode,timestep,reward
47,600,1.3092
97,1200,1.2452
128,1800,1.5364
162,2400,1.6782
187,3000,1.8088
219,3600,1.7516
237,4200,2.1353
256,4800,2.1652
269,5400,2.2811
285,6000,2.0274
297,6600,2.536
313,7200,2.4067
322,7800,2.3761
338,8400,2.3537
352,9000,2.8516
365,9600,3.454
379,10200,2.5943
394,10800,3.7789
407,11400,3.5207
417,12000,3.7937
427,12600,3.5339
438,13200,3.4251
450,13800,4.8165
459,14400,5.1247
467,15000,9.8457
476,15600,6.9362
485,16200,9.5907
494,16800,7.7073
503,17400,11.7673
509,18000,14.6624
516,18600,15.0523
522,19200,16.4587
527,19800,36.0633
534,20400,18.861
539,21000,18.0652
546,21600,15.4815
550,22200,44.1143
556,22800,37.2146
561,23400,29.3149
565,24000,45.6497
571,24600,23.9825
576,25200,35.6817
581,25800,45.1675
586,26400,39.8253
591,27000,51.607
595,27600,48.1432
600,28200,44.0849
605,28800,37.2873
609,29400,67.3213
613,30000,49.928
618,30600,57.5207
624,31200,39.3007
629,31800,54.8973
633,32400,63.8493
638,33000,48.3595
641,33600,71.8769
647,34200,45.8465
651,34800,53.5155
656,35400,54.5157
660,36000,62.1702
665,36600,52.3029
671,37200,43.5345
675,37800,57.5991
680,38400,51.1892
684,39000,64.5347
688,39600,57.4952
693,40200,56.2957
697,40800,64.8256
701,41400,55.8545
705,42000,59.9294
709,42600,70.4757
713,43200,52.1716
716,43800,97.6144
722,44400,53.3957
726,45000,66.1036
730,45600,62.9042
735,46200,45.006
739,46800,68.0101
743,47400,63.3937
747,48000,62.0549
751,48600,64.4705
754,49200,79.871
758,49800,69.8547
761,50400,87.3302
764,51000,77.6586
767,51600,73.3572
770,52200,73.2543
773,52800,78.0482
776,53400,105.5698
780,54000,76.6424
783,54600,79.1235
786,55200,87.5795
788,55800,93.2968
791,56400,140.7376
794,57000,98.8184
797,57600,89.8201
799,58200,98.3844
802,58800,115.1667
805,59400,97.0322
808,60000,90.6425
810,60600,113.0521
812,61200,121.6671
814,61800,148.6142
816,62400,101.868
818,63000,144.7265
820,63600,108.8327
822,64200,127.1022
825,64800,132.1259
828,65400,95.6293
831,66000,88.7561
833,66600,154.5923
835,67200,120.0401
837,67800,94.755
839,68400,136.3182
843,69000,95.2318
845,69600,116.7192
847,70200,144.9498
849,70800,154.302
851,71400,109.6726
853,72000,143.5156
855,72600,93.0552
857,73200,150.5263
859,73800,149.5815
861,74400,124.0783
863,75000,181.7906
865,75600,164.2166
869,76200,91.9303
871,76800,148.5479
873,77400,138.3386
875,78000,143.9601
877,78600,94.2306
879,79200,176.2905
881,79800,119.6689
884,80400,99.2166
886,81000,157.1849
888,81600,77.9505
890,82200,104.9492
892,82800,103.7925
894,83400,168.5877
896,84000,132.3916
899,84600,102.5673
901,85200,132.0618
904,85800,103.6279
906,86400,97.4935
908,87000,129.5457
910,87600,157.0389
912,88200,119.4375
915,88800,140.1323
917,89400,162.4184
919,90000,169.7137
921,90600,127.9677
923,91200,170.3557
925,91800,144.8395
927,92400,132.5402
929,93000,159.3589
931,93600,156.8353
933,94200,154.3546
935,94800,144.5246
937,95400,160.5038
939,96000,160.0258
941,96600,115.2469
943,97200,167.857
945,97800,139.0596
947,98400,125.3846
949,99000,147.8073
951,99600,146.6862
953,100200,153.8532
955,100800,126.6018
957,101400,173.8801
959,102000,80.1755
961,102600,151.4335
963,103200,157.0386
965,103800,88.1193
968,104400,110.9964
970,105000,143.8307
972,105600,115.153
974,106200,169.2896
976,106800,142.8479
978,107400,139.6659
981,108000,64.5049
983,108600,140.0794
986,109200,83.6518
988,109800,141.6989
991,110400,110.6621
993,111000,157.466
995,111600,163.7694
997,112200,145.4406
999,112800,145.9701
1001,113400,160.4949
1003,114000,144.8268
1005,114600,181.3679
1007,115200,142.4745
1009,115800,177.1153
1011,116400,179.4815
1013,117000,185.5339
1015,117600,181.3863
1017,118200,170.556
1019,118800,95.2172
1021,119400,182.674
1023,120000,179.4331
1025,120600,184.3196
1027,121200,172.4903
1032,121800,81.6674
1034,122400,179.223
1036,123000,132.3701
1038,123600,180.0944
1040,124200,179.5962
1042,124800,161.9811
1045,125400,154.3693
1047,126000,191.1947
1049,126600,190.9143
1051,127200,177.6048
1054,127800,68.0309
1056,128400,192.9097
1059,129000,122.4076
1061,129600,195.2284
1064,130200,163.8183
1066,130800,188.784
1068,131400,181.9208
1070,132000,110.5921
1072,132600,186.0238
1074,133200,187.7022
1076,133800,177.2265
1078,134400,181.6841
1081,135000,128.0854
1084,135600,114.7224
1087,136200,167.2746
1090,136800,127.1935
1092,137400,187.1801
1094,138000,98.3491
1096,138600,179.036
1098,139200,185.956
1100,139800,168.5123
1102,140400,184.667
1104,141000,183.5306
1106,141600,188.6657
1108,142200,193.5473
1110,142800,185.4652
1112,143400,201.5759
1114,144000,190.5715
1116,144600,192.6431
1118,145200,197.4392
1120,145800,199.9834
1123,146400,176.2927
1126,147000,138.0143
1129,147600,62.3261
1132,148200,161.1256
1134,148800,179.8045
1136,149400,174.575
1138,150000,173.3538
1140,150600,188.7625
1142,151200,192.3329
1144,151800,190.1566
1146,152400,175.8879
1148,153000,177.5226
1150,153600,181.5077
1152,154200,184.2724
1154,154800,192.0427
1157,155400,127.6271
1159,156000,177.6
1161,156600,191.8077
1163,157200,184.6025
1165,157800,190.5302
1167,158400,195.2961
1169,159000,197.8213
1171,159600,179.4916
1173,160200,185.9555
1175,160800,186.8626
1177,161400,194.2123
1179,162000,199.8591
1183,162600,80.7313
1187,163200,90.7811
1189,163800,189.7528
1191,164400,192.3174
1193,165000,199.1881
1195,165600,200.4047
1197,166200,203.685
1199,166800,175.7792
1202,167400,169.7862
1204,168000,189.0912
1208,168600,75.4333
1210,169200,191.6285
1214,169800,111.0289
1217,170400,131.9668
1219,171000,203.8595
1221,171600,195.1224
1223,172200,189.1665
1226,172800,130.8166
1228,173400,154.6291
1230,174000,197.4626
1233,174600,131.9401
1235,175200,191.1867
1237,175800,196.7734
1239,176400,191.2952
1241,177000,201.915
1243,177600,197.0927
1245,178200,201.5263
1247,178800,193.7193
1249,179400,206.1039
1251,180000,201.1775
1253,180600,201.3277
1255,181200,202.7433
1257,181800,200.4105
1259,182400,164.0138
1261,183000,201.3637
1263,183600,196.7996
1266,184200,140.0907
1268,184800,206.712
1270,185400,208.0226
1272,186000,187.9678
1274,186600,202.5985
1276,187200,196.3313
1279,187800,170.0812
1281,188400,216.6493
1283,189000,135.8435
1285,189600,207.3615
1287,190200,208.5164
1289,190800,207.4094
1291,191400,203.3895
1293,192000,198.9432
1295,192600,212.1017
1297,193200,186.5314
1299,193800,207.1154
1301,194400,205.8448
1303,195000,209.5117
1305,195600,221.5628
1307,196200,213.6515
1309,196800,217.6181
1311,197400,203.5983
1313,198000,212.693
1316,198600,145.6589
1318,199200,215.5403
1320,199800,213.9722
1322,200400,217.376
1324,201000,218.8341
1326,201600,216.8879
1329,202200,180.5552
1331,202800,212.4643
1333,203400,217.403
1336,204000,148.0286
1338,204600,216.7239
1340,205200,206.8275
1342,205800,214.2428
1344,206400,213.8466
1346,207000,172.386
1348,207600,208.0207
1350,208200,207.026
1352,208800,218.8881
1354,209400,210.4216
1356,210000,220.1054
1359,210600,154.7101
1361,211200,179.4835
1363,211800,219.6292
1366,212400,149.9087
1368,213000,219.508
1370,213600,215.9116
1373,214200,147.8726
1376,214800,124.3475
1378,215400,207.8826
1381,216000,130.4155
1383,216600,203.1048
1385,217200,204.9517
1387,217800,219.4434
1389,218400,135.9917
1391,219000,216.2758
1393,219600,190.2276
1396,220200,176.5131
1398,220800,218.0026
1400,221400,207.1975
1403,222000,70.6612
1405,222600,198.787
1407,223200,219.3445
1409,223800,207.9365
1411,224400,203.0276
1414,225000,157.8174
1416,225600,218.8135
1418,226200,191.4294
1420,226800,215.2451
1422,227400,214.7269
1425,228000,173.4851
1427,228600,129.7105
1431,229200,135.3986
1434,229800,128.5226
1436,230400,142.1637
1440,231000,129.7399
1442,231600,214.379
1444,232200,219.6559
1446,232800,154.9915
1448,233400,210.3046
1450,234000,214.9579
1452,234600,206.8607
1454,235200,213.2408
1456,235800,218.8618
1458,236400,205.1629
1460,237000,210.2301
1462,237600,230.8636
1465,238200,173.9053
1467,238800,151.8082
1470,239400,180.3117
1472,240000,215.3163
1474,240600,215.2777
1476,241200,211.9022
1478,241800,136.8056
1480,242400,186.4317
1482,243000,212.4245
1484,243600,210.5287
1486,244200,207.4348
1489,244800,178.6534
1491,245400,208.0062
1493,246000,203.8171
1495,246600,213.1248
1497,247200,197.1131
1499,247800,186.7568
1501,248400,213.8384
1503,249000,222.4994
1505,249600,208.6057
1507,250200,176.7804
1509,250800,208.4156
1511,251400,195.4584
1513,252000,194.7995
1515,252600,213.9687
1517,253200,211.0416
1519,253800,198.5145
1521,254400,202.6665
1523,255000,201.5016
1525,255600,210.3975
1527,256200,201.8696
1530,256800,157.9407
1532,257400,215.9948
1534,258000,152.36
1536,258600,199.9683
1538,259200,210.5378
1540,259800,211.9884
1542,260400,224.8903
1544,261000,206.6593
1546,261600,214.0272
1548,262200,203.5042
1550,262800,206.7928
1552,263400,172.7095
1554,264000,217.5016
1557,264600,177.1807
1559,265200,202.1428
1561,265800,212.3808
1563,266400,220.8712
1565,267000,210.6655
1567,267600,214.3664
1569,268200,210.1152
1571,268800,223.6901
1573,269400,205.204
1575,270000,204.3409
1577,270600,210.6769
1579,271200,202.4582
1581,271800,206.9929
1583,272400,225.1845
1585,273000,214.9703
1587,273600,206.5833
1589,274200,209.6875
1591,274800,220.7612
1593,275400,176.2338
1595,276000,137.6103
1597,276600,211.3747
1599,277200,217.5655
1601,277800,221.844
1603,278400,196.2406
1606,279000,154.8016
1608,279600,194.8515
1610,280200,215.0324
1612,280800,191.1533
1614,281400,191.6737
1617,282000,161.587
1619,282600,221.3098
1621,283200,190.7065
1623,283800,208.2055
1625,284400,209.1627
1628,285000,145.6193
1630,285600,202.5544
1632,286200,212.6875
1634,286800,190.1469
1637,287400,141.1557
1640,288000,143.5919
1642,288600,212.1749
1644,289200,198.3804
1646,289800,219.752
1648,290400,213.493
1650,291000,204.2551
1652,291600,173.98
1654,292200,164.9772
1656,292800,186.1557
1658,293400,208.7739
1660,294000,211.0774
1662,294600,182.6733
1665,295200,203.6864
1667,295800,218.4889
1669,296400,190.7366
1671,297000,207.2397
1673,297600,212.8037
1675,298200,171.4192
1677,298800,212.2552
1679,299400,196.6706
1682,300000,163.4555
1684,300600,211.4451
1686,301200,218.3244
1688,301800,207.6369
1690,302400,214.7946
1692,303000,218.8298
1694,303600,219.5637
1696,304200,216.0037
1698,304800,206.9673
1700,305400,221.2802
1702,306000,218.863
1704,306600,210.3078
1706,307200,207.8032
1709,307800,149.3265
1711,308400,204.1628
1713,309000,204.5995
1715,309600,223.1374
1717,310200,219.0271
1719,310800,220.5704
1721,311400,217.9574
1723,312000,206.6412
1725,312600,124.1434
1727,313200,218.2654
1729,313800,175.3067
1731,314400,212.1629
1733,315000,212.9265
1735,315600,214.4928
1737,316200,216.4762
1740,316800,140.0396
1742,317400,213.0319
1745,318000,196.7566
1747,318600,211.5528
1749,319200,209.1299
1751,319800,220.8655
1753,320400,208.3597
1755,321000,205.1829
1757,321600,208.0387
1759,322200,211.3607
1762,322800,72.0346
1765,323400,150.9278
1767,324000,216.368
1769,324600,216.5309
1771,325200,197.1939
1774,325800,145.7488
1777,326400,169.4657
1779,327000,189.9936
1781,327600,215.498
1785,328200,99.9617
1787,328800,193.8987
1789,329400,203.7755
1791,330000,224.0118
1793,330600,188.0596
1795,331200,208.114
1797,331800,207.5544
1799,332400,151.4504
1802,333000,162.7172
1804,333600,129.0332
1807,334200,164.0935
1809,334800,195.7848
1812,335400,140.6244
1814,336000,193.3782
1816,336600,205.8567
1818,337200,215.4399
1820,337800,112.9625
1822,338400,195.3026
1826,339000,116.8202
1828,339600,217.7237
1831,340200,122.6977
1834,340800,95.6969
1838,341400,106.6198
1840,342000,216.0489
1842,342600,226.7942
1845,343200,148.8238
1847,343800,209.8583
1849,344400,205.9505
1851,345000,212.1828
1853,345600,166.2068
1856,346200,148.3192
1858,346800,220.002
1862,347400,108.9486
1864,348000,207.6885
1866,348600,216.4559
1868,349200,221.181
1870,349800,222.1575
1872,350400,214.9652
1874,351000,221.6365
1876,351600,220.2439
1878,352200,218.796
1880,352800,216.3134
1882,353400,195.6669
1885,354000,146.1717
1887,354600,212.7697
1889,355200,194.0455
1891,355800,216.3537
1893,356400,219.9195
1895,357000,223.516
1898,357600,149.0182
1900,358200,145.5661
1903,358800,146.7676
1906,359400,176.5575
1908,360000,216.9076
1910,360600,225.4249
1912,361200,208.5668
1914,361800,212.5301
1916,362400,220.7626
1918,363000,145.0451
1920,363600,225.1642
1922,364200,212.5398
1924,364800,208.2043
1926,365400,217.9579
1928,366000,214.4407
1930,366600,218.6875
1932,367200,221.3725
1934,367800,220.2611
1936,368400,215.2668
1938,369000,218.6254
1940,369600,223.2896
1942,370200,219.6861
1944,370800,224.768
1946,371400,215.8308
1948,372000,215.2123
1950,372600,211.1847
1952,373200,218.0966
1954,373800,227.978
1956,374400,219.6677
1958,375000,219.8854
1960,375600,220.4267
1962,376200,216.5406
1964,376800,229.0917
1966,377400,223.3284
1969,378000,159.7193
1971,378600,221.0235
1973,379200,214.5372
1975,379800,212.8929
1977,380400,220.3851
1979,381000,222.5827
1981,381600,232.6237
1983,382200,222.0665
1985,382800,223.9771
1988,383400,168.1998
1990,384000,211.9637
1992,384600,219.0744
1994,385200,216.9392
1996,385800,223.2447
1998,386400,220.0013
2000,387000,212.4374
2002,387600,222.4258
2004,388200,184.6599
2006,388800,222.2708
2008,389400,214.232
2010,390000,227.912
2012,390600,225.1685
2015,391200,143.6755
2017,391800,215.4913
2019,392400,225.0188
2021,393000,220.0393
2023,393600,192.4987
2025,394200,218.0543
2027,394800,211.3334
2029,395400,221.5388
2031,396000,210.3025
2033,396600,218.7404
2035,397200,212.9755
2038,397800,164.5369
2040,398400,160.406
2042,399000,211.6862
2044,399600,224.6026
2046,400200,212.9844
2048,400800,220.2063
2050,401400,222.4222
2052,402000,217.5194
2054,402600,222.9205
2057,403200,164.0282
2060,403800,147.443
2062,404400,219.203
2064,405000,217.9435
2066,405600,222.2194
2068,406200,218.7052
2070,406800,222.3969
2072,407400,220.2741
2074,408000,210.9837
2076,408600,220.2492
2078,409200,225.5214
2080,409800,214.7469
2082,410400,215.1469
2084,411000,222.3052
2086,411600,205.2718
2088,412200,220.3209
2090,412800,195.9298
2092,413400,215.2313
2094,414000,198.9352
2096,414600,217.0412
2098,415200,214.9349
2101,415800,158.1721
2103,416400,123.6764
2105,417000,226.7905
2107,417600,217.1022
2109,418200,201.2789
2112,418800,174.6004
2114,419400,206.2729
2116,420000,221.9249
2118,420600,217.8522
2120,421200,218.7807
2122,421800,220.8803
2124,422400,212.9882
2126,423000,228.757
2129,423600,155.9996
2131,424200,222.8761
2133,424800,214.0518
2135,425400,224.9266
2137,426000,214.3716
2139,426600,200.4424
2141,427200,225.8619
2143,427800,132.8221
2146,428400,140.0027
2148,429000,219.9111
2150,429600,204.7018
2152,430200,202.3842
2154,430800,222.6969
2156,431400,231.8392
2158,432000,213.4172
2160,432600,222.7039
2163,433200,170.4904
2165,433800,216.1942
2167,434400,209.0289
2169,435000,205.1434
2171,435600,192.2296
2173,436200,223.1709
2175,436800,173.9067
2177,437400,204.5022
2179,438000,215.7128
2181,438600,213.5238
2183,439200,196.603
2185,439800,192.287
2187,440400,220.0708
2189,441000,224.1956
2191,441600,222.2576
2193,442200,218.618
2195,442800,221.9782
2197,443400,216.643
2199,444000,214.1792
2201,444600,213.0046
2203,445200,141.6116
2205,445800,220.9024
2207,446400,209.2118
2209,447000,212.4317
2211,447600,214.0384
2213,448200,215.9257
2215,448800,213.484
2217,449400,212.7359
2219,450000,207.2177
2221,450600,216.7052
2223,451200,212.9837
2225,451800,217.5991
2227,452400,228.6053
2229,453000,213.1299
2232,453600,169.1003
2234,454200,219.165
2236,454800,212.837
2238,455400,216.8971
2240,456000,217.8396
2242,456600,224.6524
2244,457200,212.416
2246,457800,215.9842
2248,458400,219.6889
2250,459000,217.3252
2252,459600,217.8373
2254,460200,212.6143
2256,460800,213.4772
2258,461400,224.1214
2260,462000,221.5155
2262,462600,228.184
2264,463200,222.3402
2266,463800,200.572
2268,464400,214.3417
2270,465000,199.0139
2272,465600,222.1225
2274,466200,117.9704
2276,466800,207.4089
2278,467400,217.5483
2280,468000,215.1965
2282,468600,215.2901
2284,469200,197.5912
2286,469800,195.6266
2288,470400,219.5221
2290,471000,221.4143
2292,471600,224.6129
2294,472200,218.5385
2296,472800,231.2316
2298,473400,232.9723
2300,474000,214.3341
2302,474600,226.9126
2304,475200,217.1402
2306,475800,219.5856
2308,476400,211.5574
2310,477000,221.2301
2312,477600,210.7363
2314,478200,190.4797
2316,478800,213.5438
2318,479400,200.6912
2320,480000,202.4827
2322,480600,222.9424
2324,481200,221.0038
2326,481800,229.0436
2328,482400,224.0921
2330,483000,228.0466
2332,483600,222.2476
2334,484200,209.6347
2336,484800,225.0726
2338,485400,215.4111
2340,486000,216.6264
2342,486600,228.1536
2344,487200,215.3449
2346,487800,226.1359
2348,488400,223.6566
2350,489000,213.0186
2352,489600,221.1341
2356,490200,125.4388
2358,490800,229.8098
2360,491400,227.5384
2362,492000,206.3114
2364,492600,226.9921
2366,493200,232.0288
2368,493800,223.0922
2370,494400,201.7781
2373,495000,147.8855
2376,495600,114.4284
2378,496200,205.1609
2380,496800,221.809
2382,497400,223.9854
2384,498000,216.3541
2386,498600,194.7197
2388,499200,220.1182
2390,499800,217.0703
2392,500400,219.9621
2394,501000,233.4067
2396,501600,240.8714
2398,502200,222.1265
2400,502800,226.6333
2402,503400,223.6088
2404,504000,228.7235
2406,504600,125.7879
2408,505200,230.5769
2410,505800,234.4008
2412,506400,234.0638
2414,507000,223.2348
2416,507600,217.6364
2418,508200,221.7585
2420,508800,217.0129
2422,509400,222.744
2424,510000,237.628
2426,510600,231.0924
2428,511200,230.6362
2430,511800,226.8002
2432,512400,227.5034
2434,513000,215.9926
2436,513600,233.508
2439,514200,159.7677
2441,514800,228.8133
2443,515400,236.4142
2445,516000,228.8438
2448,516600,187.923
2450,517200,221.5607
2452,517800,233.6131
2454,518400,221.6161
2456,519000,230.864
2458,519600,220.3807
2460,520200,228.1941
2462,520800,239.3704
2464,521400,232.6699
2466,522000,219.205
2468,522600,223.9674
2470,523200,228.7942
2472,523800,223.0961
2474,524400,223.2065
2476,525000,232.6207
2478,525600,218.0517
2480,526200,221.4266
2482,526800,221.7593
2484,527400,226.459
2486,528000,225.9421
2488,528600,158.9691
2490,529200,200.2655
2492,529800,234.3443
2494,530400,223.0495
2496,531000,219.4315
2498,531600,220.0322
2500,532200,193.1912
2502,532800,234.3061
2505,533400,195.6231
2507,534000,220.7455
2509,534600,213.6033
2511,535200,222.1866
2513,535800,218.6274
2515,536400,225.1277
2517,537000,123.8633
2520,537600,210.8339
2522,538200,222.3411
2524,538800,216.029
2526,539400,133.0932
2528,540000,210.4829
2530,540600,210.9688
2532,541200,220.511
2534,541800,225.0578
2536,542400,222.7033
2538,543000,223.2635
2540,543600,220.2177
2542,544200,221.4895
2544,544800,232.5709
2546,545400,211.0279
2548,546000,221.5882
2550,546600,214.4217
2552,547200,223.153
2554,547800,215.6464
2556,548400,236.4463
2558,549000,221.6163
2560,549600,221.1064
2562,550200,221.9373
2564,550800,220.6682
2566,551400,227.3653
2568,552000,219.6252
2570,552600,225.7485
2572,553200,235.6672
2574,553800,223.6197
2576,554400,223.4819
2578,555000,204.8524
2580,555600,218.7949
2582,556200,216.7377
2584,556800,200.8573
2586,557400,208.8846
2588,558000,213.587
2591,558600,156.1176
2593,559200,215.3503
2595,559800,220.7959
2597,560400,227.985
2599,561000,214.8239
2601,561600,219.619
2603,562200,212.8119
2605,562800,234.5852
2607,563400,229.8267
2609,564000,230.8743
2611,564600,227.4838
2613,565200,220.411
2615,565800,223.3771
2617,566400,227.9309
2619,567000,236.2519
2621,567600,223.6717
2623,568200,229.3713
2625,568800,219.3899
2627,569400,225.1912
2629,570000,225.7322
2631,570600,229.9575
2633,571200,230.6031
2635,571800,221.8749
2637,572400,222.1049
2639,573000,231.5439
2641,573600,202.0006
2643,574200,211.2008
2645,574800,219.2697
2647,575400,213.5763
2649,576000,220.9932
2651,576600,232.2295
2653,577200,216.7949
2655,577800,220.8255
2657,578400,225.1257
2659,579000,231.4798
2661,579600,227.3924
2664,580200,166.6437
2666,580800,226.5818
2668,581400,232.6178
2670,582000,227.3233
2672,582600,219.0096
2674,583200,224.4053
2676,583800,218.1163
2678,584400,220.7054
2680,585000,210.9746
2682,585600,229.6005
2684,586200,223.535
2686,586800,219.8891
2688,587400,232.0835
2690,588000,219.7127
2692,588600,205.3249
2694,589200,220.6551
2696,589800,224.4348
2698,590400,219.6844
2700,591000,228.0182
2702,591600,228.6288
2704,592200,205.5655
2706,592800,227.7951
2708,593400,219.4136
2710,594000,223.8406
2712,594600,218.665
2714,595200,214.4166
2716,595800,208.5678
2718,596400,218.3501
2720,597000,209.3065
2722,597600,233.5087
2724,598200,218.9284
2726,598800,221.4816
2728,599400,218.9237
2730,600000,219.9093
2732,600600,225.8489
2734,601200,224.8556
2736,601800,217.8891
2738,602400,214.9651
2740,603000,209.1513
2742,603600,219.9176
2744,604200,215.2834
2746,604800,211.9387
2748,605400,212.0913
2750,606000,219.1097
2752,606600,215.5483
2754,607200,219.8907
2756,607800,207.4691
2758,608400,195.9421
2760,609000,216.2062
2762,609600,221.5367
2764,610200,217.2161
2766,610800,220.0885
2768,611400,206.4099
2770,612000,207.826
2772,612600,205.0395
2774,613200,194.8538
2776,613800,215.2662
2778,614400,210.3634
2780,615000,220.2164
2782,615600,225.4248
2784,616200,221.2804
2786,616800,208.325
2788,617400,224.0403
2790,618000,217.1959
2792,618600,213.8643
2794,619200,217.4442
2796,619800,225.0857
2798,620400,213.791
2800,621000,212.5203
2802,621600,219.5526
2804,622200,226.2157
2806,622800,208.3937
2808,623400,205.7735
2810,624000,215.7901
2812,624600,217.7458
2814,625200,222.3264
2816,625800,213.2282
2818,626400,223.859
2820,627000,218.2371
2822,627600,215.0732
2824,628200,219.3296
2826,628800,201.0538
2828,629400,200.1743
2830,630000,209.9269
2832,630600,217.3866
2834,631200,201.7941
2836,631800,216.5906
2838,632400,216.1525
2840,633000,217.1839
2842,633600,206.2579
2844,634200,200.3577
2846,634800,214.0684
2848,635400,209.2408
2850,636000,202.0046
2852,636600,208.8863
2854,637200,197.1291
2856,637800,221.9404
2858,638400,202.9567
2860,639000,207.8338
2862,639600,212.0223
2864,640200,200.6646
2866,640800,218.3944
2868,641400,162.2652
2870,642000,210.0075
2872,642600,199.5057
2874,643200,208.4065
2876,643800,211.4466
2878,644400,209.1122
2880,645000,210.3751
2882,645600,219.8314
2884,646200,212.8287
2886,646800,219.7923
2888,647400,198.2433
2890,648000,217.7759
2892,648600,211.5581
2894,649200,212.1807
2896,649800,204.5034
2898,650400,208.793
2900,651000,221.7548
2902,651600,214.9523
2904,652200,214.1525
2906,652800,209.715
2908,653400,219.3771
2910,654000,206.9819
2913,654600,163.954
2915,655200,216.2318
2917,655800,225.4222
2919,656400,217.1515
2921,657000,158.9409
2924,657600,145.513
2926,658200,208.5646
2928,658800,197.5302
2930,659400,211.6155
2932,660000,211.3594
2934,660600,219.0262
2937,661200,171.7431
2939,661800,228.8134
2941,662400,223.9091
2943,663000,223.6939
2945,663600,220.4186
2947,664200,202.9111
2949,664800,218.004
2951,665400,207.4454
2953,666000,213.9271
2955,666600,144.4949
2957,667200,213.9552
2959,667800,219.7031
2961,668400,216.446
2963,669000,207.5738
2965,669600,217.7044
2968,670200,144.8873
2970,670800,212.5243
2972,671400,225.2453
2974,672000,196.3423
2976,672600,219.4725
2978,673200,159.9246
2982,673800,139.6993
2984,674400,182.1091
2986,675000,220.3706
2988,675600,208.7583
2991,676200,142.5873
2994,676800,118.4409
2997,677400,111.0616
2999,678000,208.0254
3002,678600,209.0448
3004,679200,215.8313
3006,679800,159.9289
3009,680400,150.0698
3012,681000,147.9072
3014,681600,213.6765
3016,682200,146.4924
3018,682800,217.6296
3020,683400,213.163
3022,684000,198.3989
3024,684600,220.9741
3027,685200,175.0693
3029,685800,209.7028
3031,686400,226.0029
3033,687000,222.2604
3035,687600,213.5133
3037,688200,221.706
3039,688800,215.2267
3041,689400,229.2
3043,690000,219.2534
3045,690600,233.8975
3047,691200,223.4924
3049,691800,224.1051
3051,692400,221.9329
3053,693000,225.0273
3055,693600,233.6001
3057,694200,225.873
3059,694800,228.0033
3061,695400,229.1808
3063,696000,206.7257
3065,696600,181.1986
3067,697200,230.6384
3069,697800,208.803
3071,698400,226.2967
3073,699000,231.5529
3075,699600,232.2045
3077,700200,234.282
3079,700800,229.4692
3081,701400,210.0467
3083,702000,236.3309
3085,702600,231.1868
3087,703200,226.8309
3089,703800,234.8849
3091,704400,226.0843
3093,705000,233.5318
3095,705600,222.9868
3098,706200,187.6445
3100,706800,230.9251
3102,707400,227.9984
3104,708000,237.8439
3106,708600,208.3943
3108,709200,234.8076
3110,709800,233.7916
3112,710400,210.3967
3114,711000,216.6511
3116,711600,225.4004
3118,712200,225.4225
3120,712800,226.3267
3122,713400,230.6566
3124,714000,209.1451
3126,714600,205.1115
3128,715200,221.9451
3130,715800,228.0371
3132,716400,222.2649
3134,717000,217.3877
3136,717600,218.217
3138,718200,233.5381
3140,718800,226.7997
3142,719400,224.8556
3144,720000,229.4871
3146,720600,235.8712
3148,721200,223.4745
3151,721800,198.6333
3153,722400,235.59
3155,723000,215.5552
3157,723600,221.8268
3160,724200,155.7102
3162,724800,223.9013
3164,725400,230.2878
3166,726000,184.1585
3168,726600,233.1668
3170,727200,224.9478
3172,727800,215.6742
3174,728400,227.0531
3176,729000,235.6916
3178,729600,231.5978
3180,730200,230.1828
3182,730800,192.7058
3184,731400,219.7725
3186,732000,221.2812
3188,732600,232.9731
3190,733200,221.9022
3192,733800,220.221
3194,734400,220.7275
3196,735000,230.7009
3198,735600,221.8874
3200,736200,230.6591
3202,736800,214.7149
3204,737400,222.9796
3206,738000,231.09
3208,738600,220.1465
3210,739200,230.6321
3212,739800,225.6139
3214,740400,220.2512
3216,741000,216.3317
3218,741600,212.8745
3220,742200,227.8329
3223,742800,149.4392
3225,743400,216.5407
3227,744000,233.4215
3229,744600,223.3495
3231,745200,222.1307
3233,745800,219.2263
3235,746400,140.2071
3238,747000,203.4482
3240,747600,218.3659
3242,748200,210.4675
3244,748800,213.7895
3246,749400,225.3892
3248,750000,214.1022
3250,750600,227.3059
3252,751200,231.0317
3254,751800,222.2746
3256,752400,216.6205
3258,753000,226.6323
3260,753600,224.7809
3262,754200,225.2067
3264,754800,223.18
3266,755400,223.8326
3268,756000,219.923
3270,756600,211.987
3272,757200,217.1873
3274,757800,223.6368
3276,758400,217.7531
3278,759000,218.321
3280,759600,223.0396
3282,760200,223.2365
3284,760800,217.6951
3286,761400,215.0697
3288,762000,219.0791
3290,762600,226.1082
3292,763200,220.4706
3294,763800,219.6146
3296,764400,227.8538
3298,765000,222.0159
3300,765600,223.5346
3302,766200,221.8641
3304,766800,225.4605
3306,767400,230.8367
3308,768000,226.4745
3310,768600,217.8197
3312,769200,220.3279
3314,769800,222.4565
3316,770400,228.1937
3318,771000,226.6338
3320,771600,228.0387
3322,772200,227.6252
3324,772800,210.3573
3326,773400,230.0731
3328,774000,219.3423
3330,774600,214.937
3332,775200,227.0663
3334,775800,222.0869
3336,776400,218.7843
3338,777000,227.9235
3340,777600,214.5787
3342,778200,215.6252
3344,778800,220.9391
3346,779400,225.3585
3348,780000,228.0567
3350,780600,222.5805
3352,781200,218.1766
3354,781800,221.0213
3356,782400,212.6253
3358,783000,215.7535
3360,783600,212.8005
3362,784200,215.2232
3364,784800,212.4519
3366,785400,224.263
3368,786000,224.0474
3370,786600,217.7019
3372,787200,226.4268
3374,787800,222.8103
3376,788400,219.3128
3378,789000,110.1878
3380,789600,230.2555
3382,790200,223.4213
3384,790800,221.8771
3387,791400,179.8531
3389,792000,224.2119
3391,792600,225.9206
3393,793200,229.806
3395,793800,228.7581
3397,794400,222.221
3399,795000,226.8766
3401,795600,226.8464
3403,796200,215.5795
3405,796800,223.5458
3407,797400,223.6974
3410,798000,169.8643
3412,798600,222.2368
3414,799200,225.8353
3416,799800,226.7878
3418,800400,110.4401
3420,801000,226.5147
3422,801600,225.0134
3424,802200,229.6192
3426,802800,218.493
3429,803400,154.5035
3431,804000,225.5696
3434,804600,153.1154
3436,805200,229.927
3438,805800,219.8786
3440,806400,230.0545
3443,807000,170.8405
3445,807600,230.6241
3447,808200,219.5085
3450,808800,166.774
3452,809400,200.6276
3454,810000,231.0091
3456,810600,220.8179
3458,811200,232.1877
3460,811800,231.9559
3462,812400,225.8944
3464,813000,232.9301
3466,813600,218.1797
3468,814200,228.6956
3470,814800,230.3494
3472,815400,233.8199
3474,816000,226.8191
3476,816600,229.6931
3478,817200,187.4633
3480,817800,230.0762
3482,818400,230.284
3484,819000,237.1956
3486,819600,179.734
3488,820200,222.2043
3490,820800,231.2401
3492,821400,231.5209
3494,822000,237.6888
3497,822600,173.0337
3499,823200,239.292
3501,823800,233.475
3503,824400,230.0993
3505,825000,231.8876
3507,825600,224.0022
3509,826200,222.6775
3511,826800,233.1287
3513,827400,218.38
3515,828000,228.8246
3517,828600,230.6036
3519,829200,233.5479
3521,829800,227.2286
3523,830400,222.8905
3525,831000,231.8657
3527,831600,227.126
3529,832200,210.2163
3531,832800,222.1327
3533,833400,225.0967
3535,834000,233.4807
3537,834600,229.3461
3540,835200,166.7462
3542,835800,219.3264
3544,836400,216.3906
3546,837000,230.2008
3548,837600,219.5946
3550,838200,229.0557
3552,838800,232.0642
3554,839400,235.2011
3556,840000,228.879
3558,840600,232.3502
3560,841200,228.7651
3562,841800,229.2781
3564,842400,238.0953
3566,843000,235.9369
3568,843600,232.4622
3570,844200,229.4158
3572,844800,234.6942
3574,845400,232.7542
3576,846000,235.2338
3578,846600,232.5348
3580,847200,232.3933
3582,847800,223.9972
3584,848400,227.1054
3586,849000,233.3079
3588,849600,228.915
3590,850200,233.7396
3592,850800,222.8754
3594,851400,238.3373
3596,852000,227.1159
3598,852600,230.2214
3600,853200,232.8359
3602,853800,229.7401
3604,854400,230.3577
3606,855000,234.9944
3608,855600,226.0304
3610,856200,229.0412
3612,856800,230.4991
3614,857400,236.8555
3616,858000,238.5819
3618,858600,233.6309
3620,859200,235.4949
3622,859800,226.7897
3624,860400,234.763
3626,861000,211.8221
3629,861600,162.1983
3631,862200,238.8294
3633,862800,118.7175
3635,863400,227.5587
3638,864000,212.3512
3640,864600,207.4678
3642,865200,208.2016
3644,865800,232.0705
3646,866400,234.323
3648,867000,234.5829
3650,867600,225.7073
3652,868200,221.9028
3654,868800,224.2201
3656,869400,230.5414
3658,870000,223.8215
3660,870600,231.2582
3662,871200,236.378
3664,871800,229.1519
3666,872400,230.3469
3668,873000,228.1676
3670,873600,231.7736
3672,874200,243.4355
3674,874800,227.5422
3676,875400,211.9994
3678,876000,219.5228
3680,876600,231.319
3682,877200,234.999
3684,877800,152.463
3686,878400,227.4238
3688,879000,243.7252
3691,879600,171.4747
3693,880200,230.9551
3695,880800,223.9404
3697,881400,236.3106
3699,882000,220.4182
3701,882600,232.4137
3703,883200,230.1864
3705,883800,229.4424
3707,884400,234.861
3709,885000,238.7195
3711,885600,127.764
3713,886200,226.827
3715,886800,228.3109
3717,887400,235.5071
3719,888000,226.8764
3721,888600,233.211
3723,889200,231.5694
3725,889800,229.3774
3727,890400,231.2712
3729,891000,227.4751
3732,891600,207.5138
3734,892200,123.515
3736,892800,209.7926
3738,893400,236.9679
3740,894000,210.8103
3742,894600,223.1112
3744,895200,219.5672
3746,895800,232.1504
3748,896400,240.2385
3750,897000,233.7507
3752,897600,237.2164
3754,898200,237.2683
3756,898800,232.8936
3758,899400,216.3636
3761,900000,153.7547
3763,900600,235.1981
3765,901200,239.5826
3767,901800,230.3605
3769,902400,228.0319
3771,903000,234.6788
3773,903600,227.3034
3775,904200,230.74
3777,904800,226.8425
3779,905400,233.9154
3781,906000,227.9686
3783,906600,215.7881
3785,907200,231.5937
3787,907800,237.6155
3789,908400,223.6645
3791,909000,225.8076
3793,909600,226.1543
3795,910200,224.3428
3797,910800,232.4314
3799,911400,229.7103
3801,912000,238.5573
3803,912600,232.0719
3805,913200,234.5062
3807,913800,225.1077
3809,914400,236.1499
3811,915000,233.9474
3813,915600,226.6729
3815,916200,223.5981
3817,916800,220.4736
3819,917400,220.9357
3821,918000,228.9666
3823,918600,234.0235
3825,919200,226.4481
3827,919800,227.6841
3829,920400,234.6527
3831,921000,231.4496
3833,921600,231.1078
3835,922200,236.9168
3837,922800,233.9899
3839,923400,233.9715
3841,924000,228.5664
3843,924600,226.4258
3845,925200,238.9644
3847,925800,227.8282
3849,926400,224.4211
3851,927000,236.6316
3853,927600,234.4088
3855,928200,230.0556
3857,928800,216.721
3859,929400,228.1641
3861,930000,235.2054
3863,930600,226.1845
3865,931200,237.7731
3867,931800,231.827
3869,932400,224.0948
3872,933000,159.0752
3874,933600,228.2421
3876,934200,212.2599
3878,934800,229.5593
3880,935400,236.9109
3882,936000,213.8026
3884,936600,230.823
3886,937200,224.4641
3888,937800,232.3513
3890,938400,222.6309
3892,939000,215.0711
3894,939600,227.7713
3896,940200,229.6676
3898,940800,230.4763
3900,941400,202.79
3902,942000,225.548
3904,942600,210.5014
3906,943200,225.6501
3908,943800,231.1308
3910,944400,229.2745
3912,945000,222.8356
3914,945600,216.4307
3916,946200,229.8252
3918,946800,231.5487
3920,947400,218.7014
3922,948000,230.9956
3924,948600,201.6547
3926,949200,231.185
3928,949800,231.3146
3930,950400,229.2447
3932,951000,231.9106
3934,951600,221.7698
3936,952200,231.8659
3938,952800,230.1026
3940,953400,218.4877
3942,954000,218.1909
3944,954600,223.7632
3946,955200,232.5561
3948,955800,235.7964
3950,956400,228.6035
3952,957000,227.9689
3954,957600,235.4568
3956,958200,226.4487
3958,958800,232.7916
3960,959400,226.9281
3962,960000,238.2869
3964,960600,226.3691
3966,961200,229.707
3968,961800,234.7278
3970,962400,234.1325
3972,963000,235.8013
3974,963600,238.2132
3976,964200,237.819
3978,964800,233.554
3980,965400,227.2704
3983,966000,164.2784
3985,966600,233.9444
3987,967200,220.9727
3989,967800,226.9328
3991,968400,230.0455
3993,969000,232.6059
3995,969600,231.2142
3997,970200,226.8134
3999,970800,230.9108
4001,971400,232.3587
4003,972000,230.8097
4005,972600,236.2825
4007,973200,226.1664
4009,973800,233.6367
4011,974400,230.3577
4013,975000,221.4829
4015,975600,232.103
4017,976200,231.2385
4019,976800,220.6558
4021,977400,235.286
4023,978000,221.1125
4026,978600,172.847
4028,979200,198.9929
4030,979800,238.0078
4032,980400,229.1227
4034,981000,229.8037
4036,981600,234.0074
4038,982200,237.7932
4040,982800,232.6996
4042,983400,234.3072
4044,984000,237.6967
4046,984600,213.2103
4048,985200,231.0034
4050,985800,231.2665
4052,986400,209.962
4054,987000,235.1064
4056,987600,222.3942
4058,988200,235.1255
4060,988800,230.1158
4062,989400,228.8464
4064,990000,229.3528
4066,990600,225.188
4068,991200,224.9801
4070,991800,216.2978
4072,992400,227.685
4074,993000,211.6775
4076,993600,239.0655
4078,994200,234.595
4080,994800,239.4281
4082,995400,226.9513
4084,996000,226.2478
4086,996600,231.9354
4088,997200,227.4294
4090,997800,232.3321
4092,998400,230.9609
4094,999000,234.7174
4096,999600,218.8246
4098,1000200,234.5626
4100,1000800,235.3337
4102,1001400,231.494
4104,1002000,232.6698
4106,1002600,225.048
4108,1003200,234.4765
4110,1003800,237.8136
4112,1004400,235.6744
4114,1005000,237.182
4116,1005600,235.3349
4118,1006200,237.8417
4120,1006800,240.5363
4122,1007400,228.6411
4124,1008000,225.7734
4126,1008600,234.0838
4128,1009200,237.7049
4130,1009800,234.8444
4132,1010400,233.8858
4134,1011000,237.7669
4136,1011600,229.9684
4138,1012200,226.9565
4140,1012800,234.3276
4142,1013400,240.4984
4144,1014000,226.7278
4146,1014600,236.4272
4148,1015200,235.8976
4150,1015800,238.7328
4152,1016400,233.105
4154,1017000,230.002
4156,1017600,235.0804
4158,1018200,221.8603
4160,1018800,233.0169
4162,1019400,233.0463
4164,1020000,234.452
4166,1020600,230.648
4168,1021200,228.7178
4170,1021800,232.289
4172,1022400,238.5979
4174,1023000,233.3137
4176,1023600,243.0473
4178,1024200,236.3811
4180,1024800,241.6086
4182,1025400,228.4914
4184,1026000,235.8914
4186,1026600,230.7852
4188,1027200,229.9716
4190,1027800,238.8146
4192,1028400,231.8958
4194,1029000,238.1205
4196,1029600,241.3495
4198,1030200,232.5089
4200,1030800,232.4994
4202,1031400,234.7992
4204,1032000,236.8863
4207,1032600,173.3402
4209,1033200,231.144
4211,1033800,233.7912
4213,1034400,239.3926
4215,1035000,238.1641
4217,1035600,235.9353
4219,1036200,233.5893
4221,1036800,237.5234
4223,1037400,237.7652
4225,1038000,232.3435
4227,1038600,234.3605
4229,1039200,230.0711
4231,1039800,239.3483
4233,1040400,226.2942
4235,1041000,240.848
4237,1041600,240.6843
4239,1042200,188.3027
4241,1042800,237.4742
4243,1043400,240.6608
4245,1044000,231.0885
4247,1044600,238.349
4249,1045200,236.8835
4251,1045800,235.4193
4253,1046400,231.7283
4255,1047000,233.6625
4257,1047600,235.2146
4259,1048200,232.9487
4261,1048800,237.2874
4263,1049400,228.12
4265,1050000,236.0574
4267,1050600,223.9789
4269,1051200,224.7618
4271,1051800,234.2747
4273,1052400,226.9142
4275,1053000,233.7649
4277,1053600,234.5201
4279,1054200,230.8501
4281,1054800,221.6479
4284,1055400,161.7151
4286,1056000,229.9461
4288,1056600,230.3944
4291,1057200,159.0531
4293,1057800,232.7029
4295,1058400,229.4751
4297,1059000,232.1262
4299,1059600,234.0298
4301,1060200,235.5902
4303,1060800,235.7404
4305,1061400,235.1329
4307,1062000,207.9416
4309,1062600,226.2149
4311,1063200,231.9143
4313,1063800,229.0021
4315,1064400,233.2276
4317,1065000,215.6386
4319,1065600,237.6307
4321,1066200,233.4473
4323,1066800,231.8633
4325,1067400,230.9898
4327,1068000,240.2675
4329,1068600,230.4139
4332,1069200,170.3492
4334,1069800,232.1697
4336,1070400,236.4945
4338,1071000,239.846
4340,1071600,226.0566
4342,1072200,228.264
4344,1072800,235.5303
4346,1073400,238.1571
4348,1074000,231.6502
4350,1074600,233.8174
4352,1075200,224.1
4354,1075800,232.4488
4356,1076400,226.9371
4358,1077000,237.5751
4360,1077600,233.4513
4362,1078200,213.5961
4364,1078800,231.6961
4366,1079400,233.8987
4368,1080000,227.8753
4370,1080600,239.0759
4372,1081200,232.0261
4374,1081800,236.4435
4376,1082400,230.2534
4378,1083000,230.409
4380,1083600,242.6152
4382,1084200,242.1528
4384,1084800,240.0979
4386,1085400,244.7849
4388,1086000,237.5638
4390,1086600,232.1309
4392,1087200,240.3159
4394,1087800,237.4713
4396,1088400,229.8908
4398,1089000,237.3522
4400,1089600,173.5572
4402,1090200,237.7119
4404,1090800,241.1184
4406,1091400,235.5805
4409,1092000,159.0919
4411,1092600,220.8792
4413,1093200,232.7441
4415,1093800,224.2636
4417,1094400,236.327
4419,1095000,228.3479
4421,1095600,222.9572
4423,1096200,227.6751
4425,1096800,231.1507
4427,1097400,230.1463
4429,1098000,224.6049
4431,1098600,236.3584
4433,1099200,232.5044
4435,1099800,188.1819 # best
4437,1100400,224.9799
4439,1101000,225.6399
4441,1101600,223.5132
4443,1102200,229.0223
4445,1102800,236.0785
4447,1103400,239.0456
4449,1104000,227.4446
4451,1104600,225.834
4453,1105200,227.4672
4455,1105800,230.6312
4457,1106400,232.9387
4459,1107000,226.9716
4461,1107600,233.7216
4463,1108200,234.9261
4465,1108800,226.0154
4467,1109400,232.5078
4469,1110000,231.5147
4471,1110600,223.4476
4473,1111200,231.2642
4475,1111800,231.6677
4477,1112400,229.9718
4479,1113000,233.9354
4481,1113600,221.0375
4483,1114200,205.0272
4485,1114800,228.5431
4487,1115400,230.8556
4489,1116000,226.3124
4492,1116600,223.4101
4494,1117200,226.9617
4496,1117800,225.6388
4498,1118400,233.0706
4500,1119000,243.527
4502,1119600,226.3318
4504,1120200,233.4358
4506,1120800,227.3091
4508,1121400,235.9589
4510,1122000,175.6304
4512,1122600,235.34
4514,1123200,233.2642
4516,1123800,231.8675
4518,1124400,233.7636
4520,1125000,237.1138
4522,1125600,232.6302
4524,1126200,226.3502
4526,1126800,186.9569
4528,1127400,225.1493
4530,1128000,230.0566
4532,1128600,233.4915
4534,1129200,223.4486
4537,1129800,154.7259
4539,1130400,226.7492
4541,1131000,221.8115
4543,1131600,232.9256
4545,1132200,233.2053
4547,1132800,224.7832
4549,1133400,224.261
4551,1134000,230.1302
4553,1134600,238.6509
4555,1135200,226.0421
4557,1135800,225.5781
4559,1136400,233.86
4561,1137000,222.6666
4564,1137600,156.7156
4566,1138200,227.5313
4568,1138800,233.6077
4570,1139400,231.4469
4573,1140000,165.4935
4575,1140600,220.6391
4577,1141200,165.3766
4579,1141800,227.8203
4581,1142400,223.2539
4583,1143000,229.4599
4586,1143600,177.91
4588,1144200,238.8792
4590,1144800,224.6697
4592,1145400,217.1078
4594,1146000,230.9904
4596,1146600,222.653
4598,1147200,224.5356
4600,1147800,225.6555
4602,1148400,234.3696
4604,1149000,218.553
4606,1149600,234.2881
4608,1150200,229.0191
4610,1150800,176.5705
4612,1151400,233.8002
4614,1152000,227.9245
4616,1152600,217.9293
4618,1153200,227.3015
4620,1153800,233.4864
4622,1154400,219.2166
4624,1155000,215.9135
4626,1155600,230.7457
4628,1156200,210.1231
4630,1156800,219.5586
4633,1157400,182.5768
4635,1158000,220.4784
4637,1158600,227.2532
4639,1159200,218.4738
4641,1159800,227.6349
4643,1160400,113.9927
4645,1161000,229.0467
4647,1161600,226.2158
4649,1162200,232.0193
4651,1162800,218.1339
4653,1163400,209.2977
4656,1164000,197.7614
4658,1164600,211.6041
4660,1165200,225.3351
4662,1165800,212.8839
4664,1166400,223.259
4666,1167000,222.8238
4668,1167600,216.3966
4670,1168200,219.8249
4672,1168800,217.8439
4674,1169400,227.1011
4676,1170000,215.2605
4678,1170600,207.1581
4680,1171200,218.9333
4682,1171800,224.954
4684,1172400,225.865
4686,1173000,223.4895
4688,1173600,231.0832
4690,1174200,222.2952
4692,1174800,214.695
4694,1175400,220.9042
4696,1176000,153.0715
4698,1176600,228.17
4700,1177200,219.4881
4702,1177800,234.7998
4704,1178400,210.5126
4706,1179000,221.2231
4709,1179600,193.1114
4711,1180200,230.3325
4713,1180800,217.4417
4715,1181400,176.6162
4717,1182000,228.1773
4719,1182600,219.9333
4721,1183200,229.8843
4723,1183800,216.844
4725,1184400,226.9136
4728,1185000,176.7798
4730,1185600,218.5465
4732,1186200,235.7702
4734,1186800,188.9228
4736,1187400,223.87
4738,1188000,219.3286
4740,1188600,215.522
4742,1189200,194.6263
4744,1189800,193.7867
4746,1190400,218.3845
4748,1191000,220.7424
4750,1191600,234.0817
4752,1192200,226.5208
4755,1192800,188.4499
4757,1193400,229.5106
4759,1194000,219.33
4761,1194600,158.4904
4764,1195200,177.1793
4766,1195800,223.3624
4768,1196400,216.7509
4770,1197000,174.4315
4772,1197600,215.1703
4774,1198200,231.2449
4776,1198800,227.4469
4778,1199400,222.7725
4780,1200000,229.2138
4782,1200600,228.994
4784,1201200,222.0773
4786,1201800,226.2121
4788,1202400,230.375
4790,1203000,232.2431
4792,1203600,219.545
4794,1204200,224.7854
4796,1204800,221.0331
4798,1205400,222.2116
4800,1206000,225.7577
4802,1206600,231.6792
4804,1207200,223.3053
4806,1207800,214.8057
4808,1208400,222.408
4810,1209000,224.3426
4813,1209600,186.6448
4816,1210200,148.8628
4818,1210800,209.3919
4820,1211400,229.309
4822,1212000,230.7876
4824,1212600,231.084
4826,1213200,229.1402
4828,1213800,224.9984
4830,1214400,228.5079
4832,1215000,209.5897
4834,1215600,233.887
4836,1216200,223.2407
4838,1216800,231.0162
4840,1217400,236.5687
4842,1218000,158.9839
4844,1218600,235.6272
4846,1219200,222.3965
4848,1219800,228.2835
4850,1220400,221.0445
4852,1221000,223.336
4854,1221600,235.3264
4856,1222200,229.2062
4858,1222800,228.3349
4860,1223400,236.1155
4862,1224000,229.4215
4864,1224600,232.1108
4866,1225200,227.5586
4868,1225800,228.8153
4870,1226400,232.1252
4873,1227000,164.5865
4875,1227600,230.8232
4877,1228200,220.154
4879,1228800,206.6543
4881,1229400,224.3346
4883,1230000,222.4287
4885,1230600,235.0708
4887,1231200,216.269
4889,1231800,223.5726
4891,1232400,224.8978
4893,1233000,227.3948
4896,1233600,164.4076
4898,1234200,230.8782
4900,1234800,227.7299
4903,1235400,178.7682
4905,1236000,211.167
4907,1236600,230.7444
4909,1237200,228.148
4911,1237800,231.7737
4913,1238400,171.6117
4915,1239000,222.9075
4917,1239600,229.1175
4919,1240200,231.7715
4921,1240800,230.8443
4923,1241400,234.3709
4925,1242000,231.1079
4927,1242600,235.9116
4929,1243200,235.5007
4931,1243800,224.5449
4933,1244400,237.4141
4935,1245000,230.7231
4937,1245600,238.003
4939,1246200,240.0981
4941,1246800,220.3665
4943,1247400,228.0594
4945,1248000,227.4964
4947,1248600,236.4627
4949,1249200,231.7606
4951,1249800,229.7366
4953,1250400,232.9264
4955,1251000,223.6237
4957,1251600,225.8537
4959,1252200,230.0706
4962,1252800,174.5643
4964,1253400,227.9026
4966,1254000,234.4959
4968,1254600,228.7321
4970,1255200,230.1252
4972,1255800,235.218
4974,1256400,210.25
4976,1257000,227.6311
4978,1257600,221.232
4980,1258200,232.7963
4982,1258800,232.952
4984,1259400,226.2615
4986,1260000,218.8082
4988,1260600,228.19
4990,1261200,229.8372
4992,1261800,221.0593
4994,1262400,222.432
4996,1263000,225.0816
4998,1263600,218.3485
5000,1264200,232.3104
5002,1264800,229.185
5004,1265400,227.4995
5006,1266000,221.0415
5008,1266600,218.9368
5010,1267200,226.7869
5013,1267800,165.4431
5015,1268400,182.1733
5017,1269000,228.7391
5019,1269600,216.9641
5021,1270200,213.1099
5024,1270800,189.588
5026,1271400,231.3117
5028,1272000,134.3897
5030,1272600,214.9221
5032,1273200,216.2681
5035,1273800,183.6673
5037,1274400,180.6355
5039,1275000,216.4767
5041,1275600,237.0579
5043,1276200,223.8806
5045,1276800,225.7124
5047,1277400,231.5452
5050,1278000,197.3656
5052,1278600,144.6227
5054,1279200,222.1618
5056,1279800,226.1216
5059,1280400,178.2466
5061,1281000,226.7123
5063,1281600,230.5236
5065,1282200,225.2582
5068,1282800,167.5709
5070,1283400,227.8116
5072,1284000,226.0306
5074,1284600,230.653
5076,1285200,156.6426
5078,1285800,171.9902
5082,1286400,131.4082
5085,1287000,95.0916
5087,1287600,225.7516
5089,1288200,232.0741
5092,1288800,190.7487
5095,1289400,138.7517
5097,1290000,226.6497
5100,1290600,138.5305
5102,1291200,180.1862
5104,1291800,225.491
5106,1292400,223.4025
5108,1293000,216.37
5110,1293600,228.5664
5112,1294200,226.8211
5114,1294800,223.5635
5116,1295400,225.8683
5118,1296000,235.7878
5121,1296600,158.343
5123,1297200,169.6256
5125,1297800,238.3154
5127,1298400,231.1388
5129,1299000,230.1802
5132,1299600,185.5133
5134,1300200,226.4469
5136,1300800,231.3077
5138,1301400,151.8825
5140,1302000,185.0713
5143,1302600,172.2262
5146,1303200,163.8821
5148,1303800,225.0153
5150,1304400,223.887
5152,1305000,225.2128
5154,1305600,177.7118
5156,1306200,217.1217
5158,1306800,222.9631
5160,1307400,211.4855
5162,1308000,227.1051
5164,1308600,226.1119
5166,1309200,230.1928
5168,1309800,218.0015
5171,1310400,184.5549
5173,1311000,229.5654
5176,1311600,163.2021
5178,1312200,232.4164
5180,1312800,172.4102
5182,1313400,223.8301
5184,1314000,185.2742
5186,1314600,221.1125
5189,1315200,149.208
5192,1315800,181.5379
5194,1316400,207.3626
5197,1317000,140.5298
5199,1317600,224.1737
5201,1318200,229.1323
5203,1318800,155.843
5205,1319400,218.877
5207,1320000,223.8469
5210,1320600,145.3173
5213,1321200,187.2639
5215,1321800,211.8508
5217,1322400,212.6087
5219,1323000,217.2966
5221,1323600,182.2085
5224,1324200,138.279
5227,1324800,170.1123
5229,1325400,225.629
5231,1326000,228.808
5233,1326600,238.8473
5236,1327200,123.8576
5238,1327800,222.6418
5241,1328400,172.7629
5243,1329000,196.9444
5245,1329600,162.7525
5249,1330200,122.0733
5251,1330800,193.3699
5253,1331400,202.4251
5255,1332000,223.3124
5258,1332600,173.9882
5261,1333200,135.5296
5264,1333800,133.6625
5266,1334400,228.3294
5268,1335000,168.9062
5270,1335600,217.7206
5273,1336200,201.0556
5275,1336800,229.9134
5277,1337400,220.7706
5280,1338000,95.0661
5282,1338600,226.1618
5285,1339200,187.4623
5287,1339800,216.2354
5290,1340400,118.6928
5292,1341000,205.1248
5295,1341600,114.8731
5298,1342200,208.2433
5301,1342800,119.715
5303,1343400,224.0279
5305,1344000,127.364
5308,1344600,206.6223
5311,1345200,143.4022
5313,1345800,231.2075
5315,1346400,237.8754
5317,1347000,129.769
5320,1347600,195.2995
5322,1348200,107.0807
5325,1348800,195.5948
5328,1349400,116.9502
5331,1350000,118.4582
5334,1350600,178.2208
5336,1351200,227.1196
5339,1351800,153.6799
5341,1352400,217.4983
5343,1353000,212.9401
5345,1353600,239.7556
5348,1354200,119.6553
5350,1354800,225.7668
5352,1355400,194.3875
5354,1356000,225.2712
5356,1356600,229.4799
5358,1357200,232.9675
5361,1357800,179.4311
5363,1358400,232.5087
5365,1359000,230.2473
5367,1359600,219.262
5369,1360200,228.8847
5371,1360800,220.5735
5373,1361400,225.1698
5376,1362000,149.7268
5379,1362600,123.2302
5381,1363200,221.6964
5384,1363800,89.8659
5386,1364400,218.9018
5389,1365000,186.1484
5391,1365600,230.0057
5393,1366200,225.7663
5395,1366800,209.2507
5398,1367400,135.2641
5401,1368000,161.1504
5403,1368600,221.5159
5405,1369200,220.2652
5407,1369800,218.1987
5409,1370400,225.855
5411,1371000,115.3473
5414,1371600,158.041
5416,1372200,223.6466
5418,1372800,234.7455
5420,1373400,226.963
5422,1374000,231.0993
5424,1374600,219.735
5426,1375200,232.0382
5428,1375800,226.5257
5430,1376400,217.4932
5432,1377000,233.275
5435,1377600,216.1877
5437,1378200,172.4678
5439,1378800,226.163
5442,1379400,144.7624
5445,1380000,96.8607
5448,1380600,171.4454
5451,1381200,172.7212
5453,1381800,152.8051
5456,1382400,180.1815
5458,1383000,227.544
5460,1383600,231.089
5462,1384200,226.3371
5465,1384800,154.9882
5468,1385400,148.5663
5470,1386000,183.0428
5473,1386600,157.9641
5475,1387200,163.3475
5477,1387800,231.3035
5480,1388400,182.7523
5483,1389000,131.3079
5487,1389600,113.9311
5491,1390200,95.9309
5493,1390800,218.573
5497,1391400,102.0527
5499,1392000,165.169
5501,1392600,225.295
5503,1393200,223.7909
5505,1393800,228.7722
5508,1394400,170.3371
5511,1395000,135.8959
5513,1395600,225.5243
5515,1396200,135.6855
5517,1396800,208.2942
5519,1397400,224.0442
5523,1398000,137.4436
5525,1398600,138.7913
5527,1399200,212.4022
5529,1399800,224.3372
5531,1400400,226.099
5534,1401000,185.1516
5536,1401600,226.9687
5538,1402200,199.8017
5540,1402800,234.4337
5542,1403400,185.6461
5545,1404000,199.6457
5547,1404600,212.2646
5549,1405200,231.8207
5551,1405800,227.0335
5553,1406400,234.1428
5555,1407000,141.0132
5557,1407600,233.7572
5559,1408200,227.1152
5562,1408800,181.5217
5564,1409400,229.2901
5567,1410000,179.3091
5569,1410600,128.9601
5572,1411200,174.7622
5574,1411800,174.1066
5576,1412400,218.445
5579,1413000,178.6181
5581,1413600,222.7368
5584,1414200,140.9944
5587,1414800,134.8443
5589,1415400,232.6708
5592,1416000,174.3394
5594,1416600,230.5422
5596,1417200,154.5033
5599,1417800,177.4662
5601,1418400,228.5256
5603,1419000,158.6265
5606,1419600,166.1419
5608,1420200,212.2654
5610,1420800,232.3716
5612,1421400,236.5163
5614,1422000,231.9648
5617,1422600,133.0982
5619,1423200,231.5819
5621,1423800,227.5593
5624,1424400,132.0583
5626,1425000,226.0463
5628,1425600,202.8573
5631,1426200,171.188
5633,1426800,234.5608
5636,1427400,126.769
5639,1428000,182.2659
5641,1428600,172.8106
5643,1429200,231.9978
5646,1429800,197.6889
5648,1430400,238.395
5650,1431000,216.5275
5652,1431600,234.8002
5654,1432200,150.7734
5657,1432800,166.906
5659,1433400,234.2669
5661,1434000,231.9105
5663,1434600,234.7033
5666,1435200,120.7424
5668,1435800,222.8064
5670,1436400,229.3774
5672,1437000,229.7237
5674,1437600,185.0643
5676,1438200,235.8135
5678,1438800,237.4101
5681,1439400,178.458
5684,1440000,172.5462
5686,1440600,195.9394
5688,1441200,225.8539
5690,1441800,236.5557
5693,1442400,179.7903
5695,1443000,230.5154
5697,1443600,234.6182
5699,1444200,144.0233
5701,1444800,213.5529
5703,1445400,222.3785
5705,1446000,237.0078
5707,1446600,227.7123
5709,1447200,230.1892
5711,1447800,239.9312
5713,1448400,228.7932
5715,1449000,237.1944
5718,1449600,181.0743
5720,1450200,234.9053
5722,1450800,226.0595
5724,1451400,227.8052
5727,1452000,150.0398
5729,1452600,213.5784
5731,1453200,214.1874
5733,1453800,204.4191
5735,1454400,219.1251
5738,1455000,116.788
5740,1455600,225.3061
5742,1456200,223.1559
5745,1456800,183.0159
5747,1457400,233.2066
5749,1458000,228.5566
5752,1458600,136.9704
5754,1459200,222.41
5757,1459800,173.3089
5759,1460400,232.9103
5761,1461000,175.7724
5764,1461600,138.1309
5767,1462200,163.7406
5769,1462800,230.6132
5771,1463400,230.6099
5773,1464000,212.3518
5776,1464600,150.6248
5778,1465200,149.1923
5781,1465800,173.9351
5783,1466400,228.4967
5785,1467000,152.2929
5787,1467600,229.5967
5790,1468200,198.2286
5792,1468800,191.1694
5794,1469400,160.1096
5796,1470000,217.8936
5800,1470600,159.0276
5802,1471200,235.4923
5804,1471800,221.3492
5806,1472400,137.0221
5809,1473000,162.0369
5811,1473600,197.3624
5813,1474200,233.9353
5815,1474800,225.7577
5818,1475400,121.3668
5822,1476000,127.7925
5824,1476600,229.8569
5826,1477200,230.562
5830,1477800,94.5014
5833,1478400,155.6716
5836,1479000,151.3626
5838,1479600,206.3521
5840,1480200,222.476
5842,1480800,224.3026
5844,1481400,236.1057
5846,1482000,207.767
5848,1482600,237.2817
5850,1483200,235.616
5852,1483800,221.7801
5854,1484400,224.2417
5856,1485000,190.4627
5858,1485600,184.1916
5860,1486200,237.0495
5862,1486800,230.6888
5865,1487400,170.9947
5869,1488000,128.8221
5871,1488600,225.3455
5873,1489200,221.0522
5875,1489800,219.8839
5877,1490400,136.0076
5879,1491000,230.4322
5881,1491600,228.6191
5883,1492200,222.1148
5885,1492800,227.0793
5888,1493400,198.7265
5890,1494000,175.0203
5892,1494600,232.3706
5895,1495200,180.884
5897,1495800,230.8343
5899,1496400,226.4382
5902,1497000,102.8581
5905,1497600,185.0872
5907,1498200,220.3245
5909,1498800,206.2691
5911,1499400,180.7533
5913,1500000,230.1064
5915,1500600,226.9763
5917,1501200,240.4769
5919,1501800,231.9957
5921,1502400,230.243
5924,1503000,197.584
5927,1503600,140.258
5929,1504200,127.8668
5931,1504800,226.5166
5934,1505400,198.3603
5937,1506000,148.8559
5939,1506600,214.5387
5941,1507200,133.8961
5943,1507800,231.2735
5946,1508400,200.4797
5948,1509000,228.2193
5950,1509600,202.7362
5952,1510200,234.4567
5954,1510800,220.3594
5956,1511400,221.1605
5960,1512000,99.7016
5962,1512600,183.8116
5964,1513200,230.659
5967,1513800,180.0764
5970,1514400,128.3677
5972,1515000,228.0344
5974,1515600,238.1458
5977,1516200,163.6265
5979,1516800,229.0511
5981,1517400,229.1617
5983,1518000,234.5072
5986,1518600,138.0828
5989,1519200,175.5967
5991,1519800,173.4206
5994,1520400,201.7738
5996,1521000,230.9679
5998,1521600,235.3849
6000,1522200,235.082
6002,1522800,233.927
6004,1523400,215.4274
6006,1524000,145.0862
6008,1524600,225.323
6011,1525200,159.9491
6013,1525800,226.5147
6015,1526400,233.4557
6018,1527000,174.1198
6020,1527600,227.1866
6022,1528200,218.8574
6024,1528800,225.8822
6026,1529400,228.7031
6028,1530000,222.6133
6030,1530600,225.1942
6032,1531200,222.7946
6034,1531800,134.1966
6037,1532400,179.0555
6039,1533000,223.7755
6041,1533600,235.8589
6043,1534200,203.3733
6045,1534800,227.166
6048,1535400,179.6713
6050,1536000,224.7045
6052,1536600,225.1819
6054,1537200,206.5315
6056,1537800,233.831
6058,1538400,216.0933
6061,1539000,170.7586
6063,1539600,231.3192
6065,1540200,227.1313
6067,1540800,233.9813
6069,1541400,138.6013
6071,1542000,228.3328
6074,1542600,178.8945
6077,1543200,140.6063
6079,1543800,224.7094
6082,1544400,160.8655
6085,1545000,115.4989
6087,1545600,232.67
6089,1546200,229.4593
6091,1546800,227.9352
6095,1547400,127.7988
6097,1548000,224.3492
6099,1548600,225.3767
6101,1549200,232.5836
6103,1549800,184.2302
6105,1550400,194.5548
6107,1551000,228.1799
6110,1551600,163.2003
6113,1552200,165.6172
6115,1552800,228.8403
6117,1553400,236.0136
6119,1554000,241.4105
6123,1554600,100.5056
6126,1555200,165.4184
6128,1555800,178.3305
6130,1556400,211.7534
6132,1557000,233.592
6135,1557600,160.2688
6138,1558200,160.2405
6140,1558800,239.5374
6142,1559400,217.2284
6144,1560000,195.0966
6146,1560600,232.3916
6149,1561200,187.4881
6151,1561800,125.8756
6154,1562400,199.2488
6156,1563000,231.37
6158,1563600,166.6892
6160,1564200,235.2733
6162,1564800,226.1519
6164,1565400,232.2584
6167,1566000,173.9061
6169,1566600,198.024
6171,1567200,233.3266
6173,1567800,227.579
6176,1568400,146.6268
6178,1569000,235.6689
6180,1569600,222.1944
6182,1570200,228.8264
6184,1570800,223.4162
6186,1571400,230.8502
6189,1572000,159.6809
6191,1572600,236.59
6193,1573200,224.9733
6195,1573800,218.4586
6197,1574400,225.6688
6200,1575000,89.2044
6202,1575600,230.8167
6204,1576200,230.7252
6206,1576800,220.5652
6208,1577400,220.6633
6212,1578000,143.6398
6214,1578600,161.8
6216,1579200,222.9004
6218,1579800,229.0081
6220,1580400,188.4351
6223,1581000,208.8455
6225,1581600,215.5185
6227,1582200,224.9276
6229,1582800,225.2908
6231,1583400,226.4311
6233,1584000,225.1192
6235,1584600,178.3959
6237,1585200,221.9605
6240,1585800,150.6591
6242,1586400,222.0039
6244,1587000,231.6745
6246,1587600,220.721
6249,1588200,164.3022
6251,1588800,221.985
6253,1589400,228.0499
6255,1590000,230.3351
6257,1590600,217.3486
6259,1591200,225.923
6261,1591800,229.3975
6263,1592400,217.7309
6265,1593000,222.0241
6267,1593600,227.9593
6269,1594200,204.3006
6271,1594800,129.3864
6273,1595400,221.6513
6276,1596000,143.8302
6278,1596600,222.1549
6280,1597200,223.1906
6282,1597800,229.7472
6284,1598400,223.5821
6287,1599000,160.3725
6289,1599600,225.9463
6292,1600200,162.9847
6295,1600800,121.7574
6297,1601400,228.7314
6299,1602000,195.7744
6301,1602600,223.036
6304,1603200,160.9826
6306,1603800,223.651
6308,1604400,161.8013
6312,1605000,122.1763
6314,1605600,189.3818
6316,1606200,225.8224
6318,1606800,229.5068
6320,1607400,219.9562
6322,1608000,184.3806
6324,1608600,226.8292
6326,1609200,220.3575
6328,1609800,217.6994
6331,1610400,173.4208
6334,1611000,173.1068
6336,1611600,229.2467
6339,1612200,117.1434
6341,1612800,234.3127
6343,1613400,224.1858
6345,1614000,221.5311
6347,1614600,224.1414
6349,1615200,211.2573
6351,1615800,228.1614
6353,1616400,227.1255
6355,1617000,212.3816
6357,1617600,227.9197
6359,1618200,189.9072
6361,1618800,230.5439
6363,1619400,219.3913
6365,1620000,235.0722
6367,1620600,214.1912
6370,1621200,162.3791
6373,1621800,167.8072
6375,1622400,228.0988
6377,1623000,183.1851
6379,1623600,230.0757
6381,1624200,228.406
6383,1624800,230.8301
6386,1625400,193.7856
6388,1626000,228.8773
6390,1626600,232.2503
6392,1627200,233.9776
6394,1627800,141.8335
6396,1628400,236.0104
6399,1629000,154.9253
6402,1629600,160.9313
6404,1630200,229.5167
6406,1630800,223.1612
6408,1631400,230.604
6410,1632000,229.0079
6413,1632600,153.5772
6415,1633200,230.1602
6418,1633800,148.6173
6420,1634400,226.702
6422,1635000,227.2809
6424,1635600,233.5351
6426,1636200,228.2132
6428,1636800,232.1296
6430,1637400,221.3529
6432,1638000,226.3707
6434,1638600,168.4134
6436,1639200,224.0471
6438,1639800,227.3931
6440,1640400,237.3726
6442,1641000,189.0075
6444,1641600,219.978
6446,1642200,231.1044
6448,1642800,219.1022
6450,1643400,202.8478
6453,1644000,175.5906
6455,1644600,221.7743
6457,1645200,228.2357
6459,1645800,234.9763
6461,1646400,227.7078
6463,1647000,225.3405
6466,1647600,173.5944
6468,1648200,229.7118
6470,1648800,226.1775
6472,1649400,227.9143
6474,1650000,218.2651
6476,1650600,222.7464
6478,1651200,226.1833
6480,1651800,221.4684
6482,1652400,225.2906
6485,1653000,63.1987
6487,1653600,233.5261
6489,1654200,231.1295
6491,1654800,213.9233
6493,1655400,232.3769
6495,1656000,217.7959
6497,1656600,227.2683
6500,1657200,153.9471
6502,1657800,223.6228
6504,1658400,223.6231
6506,1659000,226.4712
6508,1659600,223.441
6510,1660200,227.1009
6512,1660800,223.7627
6514,1661400,226.9905
6516,1662000,224.1947
6518,1662600,226.6895
6520,1663200,228.8559
6522,1663800,214.2612
6524,1664400,228.9533
6526,1665000,230.5524
6528,1665600,218.4383
6530,1666200,220.8323
6532,1666800,232.752
6534,1667400,228.3737
6536,1668000,227.075
6538,1668600,217.3042
6540,1669200,224.4217
6542,1669800,212.8321
6544,1670400,225.491
6546,1671000,228.4694
6548,1671600,229.8092
6550,1672200,229.7099
6552,1672800,223.7257
6554,1673400,229.6413
6557,1674000,164.7497
6559,1674600,230.5765
6561,1675200,228.6324
6563,1675800,233.3719
6565,1676400,226.5984
6567,1677000,226.8454
6569,1677600,225.5708
6572,1678200,160.491
6574,1678800,223.8432
6576,1679400,227.3288
6578,1680000,162.4234
6580,1680600,227.2365
6582,1681200,232.2188
6584,1681800,234.2813
6586,1682400,219.7448
6589,1683000,164.7927
6591,1683600,212.2972
6593,1684200,232.5185
6595,1684800,226.3935
6597,1685400,219.2817
6599,1686000,223.5529
6601,1686600,223.4875
6603,1687200,227.4691
6605,1687800,229.3539
6607,1688400,225.9341
6609,1689000,236.1917
6611,1689600,228.4873
6613,1690200,235.9932
6615,1690800,227.1156
6617,1691400,227.7062
6619,1692000,224.8683
6621,1692600,232.7795
6623,1693200,229.6242
6625,1693800,225.7924
6627,1694400,229.1006
6629,1695000,229.7761
6631,1695600,223.9081
6633,1696200,230.9731
6635,1696800,188.4027
6637,1697400,228.2133
6639,1698000,224.2734
6641,1698600,224.3369
6643,1699200,236.16
6646,1699800,188.1547
6648,1700400,232.9959
6650,1701000,228.2977
6652,1701600,219.2091
6654,1702200,231.2378
6657,1702800,159.5189
6659,1703400,215.652
6661,1704000,224.1865
6663,1704600,211.6481
6665,1705200,224.6452
6667,1705800,166.1262
6670,1706400,134.4942
6672,1707000,233.2163
6674,1707600,228.301
6677,1708200,166.1815
6679,1708800,229.3986
6682,1709400,173.5189
6684,1710000,213.5693
6686,1710600,226.4415
6688,1711200,144.19
6690,1711800,232.248
6693,1712400,200.2988
6695,1713000,178.4569
6697,1713600,234.1862
6699,1714200,229.0996
6701,1714800,228.0371
6703,1715400,226.5025
6705,1716000,218.441
6707,1716600,234.5524
6710,1717200,178.7561
6712,1717800,217.9561
6714,1718400,224.531
6716,1719000,158.0575
6718,1719600,222.2837
6720,1720200,239.326
6722,1720800,233.3698
6724,1721400,226.1569
6726,1722000,224.2392
6728,1722600,217.9134
6732,1723200,133.3479
6734,1723800,128.1062
6736,1724400,231.2348
6738,1725000,230.3427
6740,1725600,235.9302
6742,1726200,231.3001
6746,1726800,133.5498
6748,1727400,214.763
6750,1728000,225.2889
6752,1728600,226.7697
6754,1729200,228.3815
6756,1729800,228.0794
6758,1730400,234.7995
6760,1731000,188.2002
6762,1731600,228.7795
6764,1732200,222.1956
6766,1732800,222.7309
6768,1733400,228.3792
6770,1734000,222.886
6772,1734600,233.0852
6774,1735200,220.8606
6776,1735800,236.1801
6778,1736400,232.0199
6781,1737000,156.35
6783,1737600,234.1671
6786,1738200,154.2172
6788,1738800,234.1847
6790,1739400,236.5298
6792,1740000,221.2987
6794,1740600,214.4221
6796,1741200,228.8218
6798,1741800,221.5777
6800,1742400,229.0524
6802,1743000,227.4893
6804,1743600,234.2823
6806,1744200,236.1355
6808,1744800,224.1246
6810,1745400,226.0743
6812,1746000,227.4
6814,1746600,235.8272
6816,1747200,224.6356
6819,1747800,155.641
6821,1748400,226.8267
6823,1749000,225.1964
6825,1749600,226.688
6827,1750200,231.0506
6829,1750800,202.8741
6831,1751400,224.4143
6833,1752000,235.1794
6835,1752600,231.7736
6837,1753200,237.9409
6839,1753800,223.2477
6841,1754400,220.0154
6843,1755000,230.9493
6845,1755600,231.2348
6847,1756200,228.9036
6849,1756800,234.5393
6851,1757400,230.4979
6853,1758000,223.5567
6855,1758600,233.3447
6857,1759200,224.2394
6859,1759800,231.552
6861,1760400,182.2963
6863,1761000,237.3581
6866,1761600,186.6582
6868,1762200,130.4234
6871,1762800,183.1074
6873,1763400,221.2632
6875,1764000,242.0893
6877,1764600,237.6226
6879,1765200,231.3274
6881,1765800,233.7831
6883,1766400,223.1956
6885,1767000,227.8043
6887,1767600,224.2644
6889,1768200,228.2142
6891,1768800,230.4189
6894,1769400,181.6423
6896,1770000,231.8068
6898,1770600,139.7774
6900,1771200,233.7409
6903,1771800,210.456
6905,1772400,162.7583
6907,1773000,229.8751
6909,1773600,226.1595
6911,1774200,213.1539
6913,1774800,230.5124
6916,1775400,165.4194
6918,1776000,235.1242
6920,1776600,238.657
6923,1777200,164.4535
6925,1777800,233.4313
6927,1778400,232.8226
6929,1779000,232.2003
6931,1779600,229.4727
6934,1780200,161.7158
6936,1780800,189.3842
6939,1781400,161.3952
6941,1782000,238.1906
6943,1782600,230.0122
6945,1783200,234.5812
6947,1783800,232.0738
6949,1784400,236.9916
6952,1785000,163.6589
6954,1785600,239.6394
6956,1786200,236.4447
6958,1786800,232.489
6960,1787400,128.4852
6963,1788000,162.3338
6965,1788600,234.2819
